-- phpMyAdmin SQL Dump
-- version 4.5.1
-- http://www.phpmyadmin.net
--
-- Host: 127.0.0.1
-- Generation Time: Jul 18, 2018 at 12:07 AM
-- Server version: 10.1.10-MariaDB
-- PHP Version: 7.0.3

SET SQL_MODE = "NO_AUTO_VALUE_ON_ZERO";
SET time_zone = "+00:00";


/*!40101 SET @OLD_CHARACTER_SET_CLIENT=@@CHARACTER_SET_CLIENT */;
/*!40101 SET @OLD_CHARACTER_SET_RESULTS=@@CHARACTER_SET_RESULTS */;
/*!40101 SET @OLD_COLLATION_CONNECTION=@@COLLATION_CONNECTION */;
/*!40101 SET NAMES utf8mb4 */;

--
-- Database: `dishut`
--

-- --------------------------------------------------------

--
-- Table structure for table `data_luas`
--

CREATE TABLE `data_luas` (
  `id` int(11) NOT NULL,
  `jenis_data_id` int(10) UNSIGNED NOT NULL,
  `lokasiowa_id` int(10) UNSIGNED NOT NULL,
  `tahun` year(4) NOT NULL,
  `luas` double NOT NULL
) ENGINE=InnoDB DEFAULT CHARSET=latin1;

--
-- Dumping data for table `data_luas`
--

INSERT INTO `data_luas` (`id`, `jenis_data_id`, `lokasiowa_id`, `tahun`, `luas`) VALUES
(1, 1, 3, 2012, 150),
(2, 1, 3, 2013, 150),
(3, 1, 5, 2012, 2733.5),
(4, 1, 5, 2013, 2733.5),
(5, 1, 5, 2014, 2733.5),
(6, 1, 5, 2015, 2733.5),
(7, 1, 5, 2016, 2779.08),
(8, 1, 6, 2012, 4065),
(9, 1, 6, 2013, 4065),
(10, 1, 1, 2012, 2806.77),
(11, 1, 1, 2013, 1947.47),
(12, 1, 1, 2014, 1747.47),
(13, 1, 1, 2015, 1747.47),
(14, 1, 1, 2016, 5808.97),
(15, 1, 2, 2012, 84.25),
(16, 1, 2, 2013, 84.25),
(17, 1, 2, 2014, 5),
(18, 1, 2, 2015, 5),
(19, 2, 1, 2012, 930.5),
(35, 2, 1, 2013, 60.2),
(36, 2, 1, 2014, 3360),
(37, 2, 1, 2015, 843.5),
(38, 2, 2, 2012, 50),
(39, 2, 2, 2014, 192.2),
(40, 2, 2, 2015, 52.3),
(41, 2, 6, 2012, 61.95),
(42, 2, 6, 2013, 10),
(43, 2, 6, 2014, 24.5),
(44, 2, 6, 2015, 124.2),
(45, 2, 5, 2012, 2),
(46, 2, 5, 2013, 18.77),
(47, 2, 5, 2014, 58.76),
(48, 2, 5, 2015, 15.4),
(49, 2, 4, 2012, 119.5),
(50, 2, 4, 2013, 4),
(51, 2, 4, 2014, 201.98),
(52, 2, 4, 2015, 158.55),
(53, 2, 3, 2012, 1460.65),
(54, 2, 3, 2013, 129),
(55, 2, 3, 2014, 2005.9),
(56, 2, 3, 2015, 739.64),
(57, 2, 3, 2016, 777.5);

-- --------------------------------------------------------

--
-- Table structure for table `data_owa`
--

CREATE TABLE `data_owa` (
  `id` int(11) NOT NULL,
  `lokasiowa_id` int(10) UNSIGNED DEFAULT NULL,
  `tanggal` date NOT NULL,
  `pengunjung` int(100) DEFAULT NULL,
  `jumlah_penerimaan` bigint(200) DEFAULT NULL,
  `ramal_pengunjung` double DEFAULT NULL,
  `ramal_penerimaan` double DEFAULT NULL
) ENGINE=InnoDB DEFAULT CHARSET=latin1;

--
-- Dumping data for table `data_owa`
--

INSERT INTO `data_owa` (`id`, `lokasiowa_id`, `tanggal`, `pengunjung`, `jumlah_penerimaan`, `ramal_pengunjung`, `ramal_penerimaan`) VALUES
(10, 1, '2012-01-01', 38253, 95650000, NULL, NULL),
(11, 1, '2012-02-01', 26375, 66025000, NULL, NULL),
(12, 1, '2012-03-01', 22237, 55715000, NULL, NULL),
(13, 1, '2012-04-01', 20404, 51255000, NULL, NULL),
(14, 1, '2012-05-01', 30768, 77060000, NULL, NULL),
(15, 1, '2012-06-01', 37502, 93807500, NULL, NULL),
(16, 1, '2012-07-01', 29231, 73112500, NULL, NULL),
(17, 1, '2012-08-01', 10468, 26240000, NULL, NULL),
(18, 1, '2012-09-01', 60553, 151382500, NULL, NULL),
(19, 1, '2012-10-01', 26941, 67352500, NULL, NULL),
(20, 1, '2012-11-01', 18702, 46772500, NULL, NULL),
(21, 1, '2012-12-01', 28004, 70062500, NULL, NULL),
(22, 1, '2013-01-01', 26156, 65390000, NULL, NULL),
(23, 1, '2013-02-01', 0, 0, NULL, NULL),
(24, 1, '2013-03-01', 0, 0, NULL, NULL),
(25, 1, '2013-04-01', 20016, 100080000, NULL, NULL),
(26, 1, '2013-05-01', 26190, 131030000, NULL, NULL),
(27, 1, '2013-06-01', 23610, 118530000, NULL, NULL),
(28, 1, '2013-07-01', 26933, 134885000, NULL, NULL),
(29, 1, '2013-08-01', 43511, 217835000, NULL, NULL),
(30, 1, '2013-09-01', 33234, 166230000, NULL, NULL),
(31, 1, '2013-10-01', 29063, 145355000, NULL, NULL),
(32, 1, '2013-11-01', 24874, 124470000, NULL, NULL),
(33, 1, '2013-12-01', 21245, 106325000, NULL, NULL),
(34, 1, '2014-01-01', 36313, 181565000, NULL, NULL),
(35, 1, '2014-02-01', 14341, 71705000, NULL, NULL),
(36, 1, '2014-03-01', 19271, 96355000, NULL, NULL),
(37, 1, '2014-04-01', 22579, 11387500, NULL, NULL),
(38, 1, '2014-05-01', 23538, 117990000, NULL, NULL),
(39, 1, '2014-06-01', 18203, 91155000, NULL, NULL),
(40, 1, '2014-07-01', 17675, 88575000, NULL, NULL),
(41, 1, '2014-08-01', 40522, 202610000, NULL, NULL),
(42, 1, '2014-09-01', 23165, 116065000, NULL, NULL),
(43, 1, '2014-10-01', 22573, 112965000, NULL, NULL),
(44, 1, '2014-11-01', 20102, 101120000, NULL, NULL),
(45, 1, '2014-12-01', 21192, 106360000, NULL, NULL),
(46, 1, '2015-01-01', 29072, 145360000, NULL, NULL),
(47, 1, '2015-02-01', 10776, 53880000, NULL, NULL),
(48, 1, '2015-03-01', 12895, 64515000, NULL, NULL),
(49, 1, '2015-04-01', 26558, 133310000, NULL, NULL),
(50, 1, '2015-05-01', 26298, 131550000, NULL, NULL),
(51, 1, '2015-06-01', 22669, 113885000, NULL, NULL),
(52, 1, '2015-07-01', 5566, 28070000, NULL, NULL),
(53, 1, '2015-08-01', 39923, 199755000, NULL, NULL),
(54, 1, '2015-09-01', 21984, 110200000, NULL, NULL),
(55, 1, '2015-10-01', 25115, 125915000, NULL, NULL),
(56, 1, '2015-11-01', 19952, 99840000, NULL, NULL),
(57, 1, '2015-12-01', 27738, 113730000, NULL, NULL),
(58, 1, '2016-01-01', 35939, 179715000, NULL, NULL),
(59, 1, '2016-02-01', 17716, 88700000, NULL, NULL),
(60, 1, '2016-03-01', 22617, 113545000, NULL, NULL),
(61, 1, '2016-04-01', 20931, 105015000, NULL, NULL),
(62, 1, '2016-05-01', 31563, 159735000, NULL, NULL),
(63, 1, '2016-06-01', 14044, 97515000, NULL, NULL),
(64, 1, '2016-07-01', 35393, 354695000, NULL, NULL),
(65, 1, '2016-08-01', 26525, 265760000, NULL, NULL),
(66, 1, '2016-09-01', 22883, 230405000, NULL, NULL),
(67, 1, '2016-10-01', 23707, 237910000, NULL, NULL),
(68, 1, '2016-11-01', 22304, 223445000, NULL, NULL),
(69, 1, '2016-12-01', 32353, 323710000, NULL, NULL),
(70, 2, '2012-01-01', 2792, 15895000, NULL, NULL),
(71, 2, '2012-02-01', 1678, 10255000, NULL, NULL),
(72, 2, '2012-03-01', 1449, 10086000, NULL, NULL),
(73, 2, '2012-04-01', 1683, 13350000, NULL, NULL),
(74, 2, '2012-05-01', 2300, 23792000, NULL, NULL),
(75, 2, '2012-06-01', 3050, 25717000, NULL, NULL),
(76, 2, '2012-07-01', 3891, 40268000, NULL, NULL),
(77, 2, '2012-08-01', 4221, 68685000, NULL, NULL),
(78, 2, '2012-09-01', 3410, 33682000, NULL, NULL),
(79, 2, '2012-10-01', 4008, 42307000, NULL, NULL),
(80, 2, '2012-11-01', 1992, 21537000, NULL, NULL),
(81, 2, '2012-12-01', 1420, 6658000, NULL, NULL),
(82, 2, '2013-01-01', 1350, 3036608, NULL, NULL),
(83, 2, '2013-02-01', 702, 1616512, NULL, NULL),
(84, 2, '2013-03-01', 662, 1536641, NULL, NULL),
(85, 2, '2013-04-01', 848, 38396356, NULL, NULL),
(86, 2, '2013-05-01', 1095, 36183107, NULL, NULL),
(87, 2, '2013-06-01', 701, 48566292, NULL, NULL),
(88, 2, '2013-07-01', 3461, 56363989, NULL, NULL),
(89, 2, '2013-08-01', 905, 16027343, NULL, NULL),
(90, 2, '2013-09-01', 463, 1269162, NULL, NULL),
(91, 2, '2013-10-01', 806, 8790856, NULL, NULL),
(92, 2, '2013-11-01', 724, 13108669, NULL, NULL),
(93, 2, '2013-12-01', 715, 1861637, NULL, NULL),
(94, 2, '2014-01-01', 614, 23756026, NULL, NULL),
(95, 2, '2014-02-01', 464, 32216011, NULL, NULL),
(96, 2, '2014-03-01', 716, 1952934, NULL, NULL),
(97, 2, '2014-04-01', 959, 2352321, NULL, NULL),
(98, 2, '2014-05-01', 1069, 92664915, NULL, NULL),
(99, 2, '2014-06-01', 931, 15673175, NULL, NULL),
(100, 2, '2014-07-01', 633, 1576, NULL, NULL),
(101, 2, '2014-08-01', 1633, 4025230, NULL, NULL),
(102, 2, '2014-09-01', 5901, 57199194, NULL, NULL),
(103, 2, '2014-10-01', 7404, 55701876, NULL, NULL),
(104, 2, '2014-11-01', 9150, 84573219, NULL, NULL),
(105, 2, '2014-12-01', 6179, 30394911, NULL, NULL),
(106, 2, '2015-01-01', 13690, 49404000, NULL, NULL),
(107, 2, '2015-02-01', 2585, 12493500, NULL, NULL),
(108, 2, '2015-03-01', 1614, 8943000, NULL, NULL),
(109, 2, '2015-04-01', 7021, 32870000, NULL, NULL),
(110, 2, '2015-05-01', 8180, 55299000, NULL, NULL),
(111, 2, '2015-06-01', 7035, 35636500, NULL, NULL),
(112, 2, '2015-07-01', 4848, 40308500, NULL, NULL),
(113, 2, '2015-08-01', 15228, 464654500, NULL, NULL),
(114, 2, '2015-09-01', 13425, 464432000, NULL, NULL),
(115, 2, '2015-10-01', 11039, 504538000, NULL, NULL),
(116, 2, '2015-11-01', 8342, 199582000, NULL, NULL),
(117, 2, '2015-12-01', 6212, 145595500, NULL, NULL),
(118, 2, '2016-01-01', 26690, 285641000, NULL, NULL),
(119, 2, '2016-02-01', 13520, 203859500, NULL, NULL),
(120, 2, '2016-03-01', 14138, 236510000, NULL, NULL),
(121, 2, '2016-04-01', 11323, 219506000, NULL, NULL),
(122, 2, '2016-05-01', 25909, 429911000, NULL, NULL),
(123, 2, '2016-06-01', 10296, 368515000, NULL, NULL),
(124, 2, '2016-07-01', 32766, 713007500, NULL, NULL),
(125, 2, '2016-08-01', 38026, 2020637500, NULL, NULL),
(126, 2, '2016-09-01', 20250, 628192500, NULL, NULL),
(127, 2, '2016-10-01', 15603, 10670000, NULL, NULL),
(128, 2, '2016-11-01', 11877, 11445000, NULL, NULL),
(129, 2, '2016-12-01', 23032, 17737500, NULL, NULL),
(130, 3, '2012-01-01', 2388, 5978000, NULL, NULL),
(131, 3, '2012-02-01', 2133, 4853750, NULL, NULL),
(132, 3, '2012-03-01', 2330, 3170000, NULL, NULL),
(133, 3, '2012-04-01', 3404, 4565000, NULL, NULL),
(134, 3, '2012-05-01', 1832, 4217500, NULL, NULL),
(135, 3, '2012-06-01', 3348, 7632250, NULL, NULL),
(136, 3, '2012-07-01', 2001, 6411250, NULL, NULL),
(137, 3, '2012-08-01', 1049, 6263750, NULL, NULL),
(138, 3, '2012-09-01', 4454, 11855000, NULL, NULL),
(139, 3, '2012-10-01', 4324, 7532500, NULL, NULL),
(140, 3, '2012-11-01', 2139, 5202500, NULL, NULL),
(141, 3, '2012-12-01', 4305, 7441250, NULL, NULL),
(142, 3, '2013-01-01', 4266, 16024500, NULL, NULL),
(143, 3, '2013-02-01', 855, 3927500, NULL, NULL),
(144, 3, '2013-03-01', 976, 4396750, NULL, NULL),
(145, 3, '2013-04-01', 2010, 9999500, NULL, NULL),
(146, 3, '2013-05-01', 2859, 11741750, NULL, NULL),
(147, 3, '2013-06-01', 2849, 9241500, NULL, NULL),
(148, 3, '2013-07-01', 2811, 11800000, NULL, NULL),
(149, 3, '2013-08-01', 10467, 24018250, NULL, NULL),
(150, 3, '2013-09-01', 2096, 8966000, NULL, NULL),
(151, 3, '2013-10-01', 2904, 10899000, NULL, NULL),
(152, 3, '2013-11-01', 2252, 12693500, NULL, NULL),
(153, 3, '2013-12-01', 3130, 9893500, NULL, NULL),
(154, 3, '2014-01-01', 8301, 15781250, NULL, NULL),
(155, 3, '2014-02-01', 2230, 4573750, NULL, NULL),
(156, 3, '2014-03-01', 2549, 4900000, NULL, NULL),
(157, 3, '2014-04-01', 3091, 6333750, NULL, NULL),
(158, 3, '2014-05-01', 3718, 7880000, NULL, NULL),
(159, 3, '2014-06-01', 4689, 9245000, NULL, NULL),
(160, 3, '2014-07-01', 1959, 6522500, NULL, NULL),
(161, 3, '2014-08-01', 7465, 17820000, NULL, NULL),
(162, 3, '2014-09-01', 2291, 6396250, NULL, NULL),
(163, 3, '2014-10-01', 2722, 7248750, NULL, NULL),
(164, 3, '2014-11-01', 4593, 10902500, NULL, NULL),
(165, 3, '2014-12-01', 4811, 10997500, NULL, NULL),
(166, 3, '2015-01-01', 7447, 32161000, NULL, NULL),
(167, 3, '2015-02-01', 4101, 15257000, NULL, NULL),
(168, 3, '2015-03-01', 3765, 11598500, NULL, NULL),
(169, 3, '2015-04-01', 4594, 21446500, NULL, NULL),
(170, 3, '2015-05-01', 11521, 18887250, NULL, NULL),
(171, 3, '2015-06-01', 976, 61146000, NULL, NULL),
(172, 3, '2015-07-01', 6070, 45275000, NULL, NULL),
(173, 3, '2015-08-01', 4302, 138452500, NULL, NULL),
(174, 3, '2015-09-01', 5006, 83079000, NULL, NULL),
(175, 3, '2015-10-01', 1897, 49836500, NULL, NULL),
(176, 1, '2015-11-01', 3219, 44323000, NULL, NULL),
(177, 3, '2015-12-01', 7403, 91700000, NULL, NULL),
(178, 3, '2016-01-01', 13178, 202980000, NULL, NULL),
(179, 3, '2016-02-01', 8530, 141323500, NULL, NULL),
(180, 3, '2016-03-01', 4928, 83950000, NULL, NULL),
(181, 3, '2016-04-01', 3739, 60116500, NULL, NULL),
(182, 3, '2016-05-01', 9381, 156595000, NULL, NULL),
(184, 3, '2016-07-01', 13565, 239515500, NULL, NULL),
(185, 3, '2016-08-01', 7622, 152973000, NULL, NULL),
(186, 3, '2016-09-01', 5629, 101949000, NULL, NULL),
(187, 3, '2016-10-01', 6005, 96108500, NULL, NULL),
(188, 3, '2016-11-01', 4961, 80627500, NULL, NULL),
(189, 3, '2016-12-01', 12632, 197041000, NULL, NULL),
(190, 4, '2012-01-01', 17591, 38195000, NULL, NULL),
(191, 4, '2012-02-01', 8870, 20275750, NULL, NULL),
(192, 4, '2012-03-01', 5601, 15836250, NULL, NULL),
(193, 4, '2012-04-01', 3715, 9970000, NULL, NULL),
(194, 4, '2012-05-01', 6838, 16813750, NULL, NULL),
(195, 4, '2012-06-01', 7735, 23567500, NULL, NULL),
(196, 4, '2012-07-01', 7963, 25646250, NULL, NULL),
(197, 4, '2012-08-01', 2163, 16445000, NULL, NULL),
(198, 4, '2012-09-01', 21194, 57961250, NULL, NULL),
(199, 4, '2012-10-01', 8167, 24730000, NULL, NULL),
(200, 4, '2012-11-01', 6447, 17267500, NULL, NULL),
(201, 4, '2012-12-01', 5597, 17267500, NULL, NULL),
(202, 4, '2013-01-01', 7740, 20649000, NULL, NULL),
(203, 4, '2013-02-01', 3744, 9935000, NULL, NULL),
(204, 4, '2013-03-01', 4332, 13284750, NULL, NULL),
(205, 4, '2013-04-01', 4557, 18252250, NULL, NULL),
(206, 4, '2013-05-01', 4695, 23241750, NULL, NULL),
(207, 4, '2013-06-01', 4509, 22847250, NULL, NULL),
(208, 4, '2013-07-01', 6370, 30322000, NULL, NULL),
(209, 4, '2013-08-01', 4633, 25129500, NULL, NULL),
(210, 4, '2013-09-01', 16375, 47894250, NULL, NULL),
(211, 4, '2013-10-01', 8094, 31224250, NULL, NULL),
(212, 4, '2013-11-01', 0, 0, NULL, NULL),
(213, 4, '2013-12-01', 0, 0, NULL, NULL),
(214, 4, '2014-01-01', 12064, 30451750, NULL, NULL),
(215, 4, '2014-02-01', 5459, 16536500, NULL, NULL),
(216, 4, '2014-03-01', 7890, 19615000, NULL, NULL),
(217, 4, '2014-04-01', 7417, 27341000, NULL, NULL),
(218, 4, '2014-05-01', 10311, 36485250, NULL, NULL),
(219, 4, '2014-06-01', 11400, 28700750, NULL, NULL),
(220, 4, '2014-07-01', 6945, 28638000, NULL, NULL),
(221, 4, '2014-08-01', 22761, 63461750, NULL, NULL),
(222, 4, '2014-09-01', 7443, 27685000, NULL, NULL),
(223, 4, '2014-10-01', 8133, 28272250, NULL, NULL),
(224, 4, '2014-11-01', 11249, 37337000, NULL, NULL),
(225, 4, '2014-12-01', 10746, 22517000, NULL, NULL),
(226, 4, '2015-01-01', 16822, 50293250, NULL, NULL),
(227, 4, '2015-02-01', 6461, 22196250, NULL, NULL),
(228, 4, '2015-03-01', 13765, 20783250, NULL, NULL),
(229, 4, '2015-04-01', 7317, 36974750, NULL, NULL),
(230, 4, '2015-05-01', 10719, 40272000, NULL, NULL),
(231, 4, '2015-06-01', 10139, 35933750, NULL, NULL),
(232, 4, '2015-07-01', 11954, 45395000, NULL, NULL),
(233, 4, '2015-08-01', 14680, 164481000, NULL, NULL),
(234, 4, '2015-09-01', 7334, 58458000, NULL, NULL),
(235, 4, '2015-10-01', 13291, 85716000, NULL, NULL),
(236, 4, '2015-11-01', 8042, 148799000, NULL, NULL),
(237, 4, '2015-12-01', 12534, 219712500, NULL, NULL),
(238, 4, '2016-01-01', 15179, 546282000, NULL, NULL),
(239, 4, '2016-02-01', 8170, 74015000, NULL, NULL),
(240, 4, '2016-03-01', 11296, 63934500, NULL, NULL),
(241, 4, '2016-04-01', 7010, 173431500, NULL, NULL),
(242, 4, '2016-05-01', 11122, 628190000, NULL, NULL),
(243, 4, '2016-06-01', 9494, 281848000, NULL, NULL),
(244, 4, '2016-07-01', 19855, 291013000, NULL, NULL),
(245, 4, '2016-08-01', 8623, 411911000, NULL, NULL),
(246, 4, '2016-09-01', 10881, 366857000, NULL, NULL),
(247, 4, '2016-10-01', 14953, 546524000, NULL, NULL),
(248, 4, '2016-11-01', 7467, 222972500, NULL, NULL),
(249, 4, '2016-12-01', 10080, 84911000, NULL, NULL),
(250, 5, '2012-01-01', 660, 3338750, NULL, NULL),
(251, 5, '2012-02-01', 281, 1033750, NULL, NULL),
(252, 5, '2012-03-01', 110, 263750, NULL, NULL),
(253, 5, '2012-04-01', 179, 1346750, NULL, NULL),
(254, 5, '2012-05-01', 216, 832500, NULL, NULL),
(255, 5, '2012-06-01', 0, 1018500, NULL, NULL),
(256, 5, '2012-07-01', 497, 1537500, NULL, NULL),
(257, 5, '2012-08-01', 460, 5677500, NULL, NULL),
(258, 5, '2012-09-01', 649, 2462500, NULL, NULL),
(259, 5, '2012-10-01', 255, 1153750, NULL, NULL),
(260, 5, '2012-11-01', 214, 1526750, NULL, NULL),
(261, 5, '2012-12-01', 585, 1183750, NULL, NULL),
(262, 5, '2013-01-01', 303, 1261500, NULL, NULL),
(263, 5, '2013-02-01', 75, 164250, NULL, NULL),
(264, 5, '2013-03-01', 210, 911250, NULL, NULL),
(265, 5, '2013-04-01', 223, 1280500, NULL, NULL),
(266, 5, '2013-05-01', 250, 2466000, NULL, NULL),
(267, 5, '2013-06-01', 663, 3208000, NULL, NULL),
(268, 5, '2013-07-01', 191, 871000, NULL, NULL),
(269, 5, '2013-08-01', 375, 3969750, NULL, NULL),
(270, 5, '2013-09-01', 238, 2031000, NULL, NULL),
(271, 5, '2013-10-01', 286, 2205000, NULL, NULL),
(272, 5, '2013-11-01', 187, 2737750, NULL, NULL),
(273, 5, '2013-12-01', 334, 1511000, NULL, NULL),
(274, 5, '2014-01-01', 382, 2957500, NULL, NULL),
(275, 5, '2014-02-01', 495, 3485250, NULL, NULL),
(276, 5, '2014-03-01', 349, 1422500, NULL, NULL),
(277, 5, '2014-04-01', 619, 2102250, NULL, NULL),
(278, 5, '2014-05-01', 253, 1229250, NULL, NULL),
(279, 5, '2014-06-01', 489, 3942750, NULL, NULL),
(280, 5, '2014-07-01', 474, 4600250, NULL, NULL),
(281, 5, '2014-08-01', 1568, 10055750, NULL, NULL),
(282, 5, '2014-09-01', 732, 4072500, NULL, NULL),
(283, 5, '2014-10-01', 1179, 7239250, NULL, NULL),
(284, 5, '2014-11-01', 679, 2105250, NULL, NULL),
(285, 5, '2014-12-01', 1826, 7599500, NULL, NULL),
(286, 5, '2015-01-01', 1738, 6451250, NULL, NULL),
(287, 5, '2015-02-01', 1803, 9320750, NULL, NULL),
(288, 5, '2015-03-01', 4022, 22142500, NULL, NULL),
(289, 5, '2015-04-01', 3988, 22577750, NULL, NULL),
(290, 5, '2015-05-01', 6346, 32849000, NULL, NULL),
(291, 5, '2015-06-01', 5933, 55253500, NULL, NULL),
(292, 5, '2015-07-01', 833, 35755000, NULL, NULL),
(293, 5, '2015-08-01', 13083, 188761500, NULL, NULL),
(294, 5, '2015-09-01', 5979, 94084000, NULL, NULL),
(295, 5, '2015-10-01', 4434, 53652000, NULL, NULL),
(296, 5, '2015-11-01', 3809, 45742000, NULL, NULL),
(297, 5, '2015-12-01', 8124, 72456000, NULL, NULL),
(298, 5, '2016-01-01', 9780, 85983000, NULL, NULL),
(299, 5, '2016-02-01', 6997, 70310500, NULL, NULL),
(300, 5, '2016-03-01', 4517, 58608500, NULL, NULL),
(301, 5, '2016-04-01', 2798, 47432500, NULL, NULL),
(302, 5, '2016-05-01', 7045, 93203000, NULL, NULL),
(303, 5, '2016-06-01', 1482, 35464500, NULL, NULL),
(304, 5, '2016-07-01', 8611, 153925500, NULL, NULL),
(305, 5, '2016-08-01', 4962, 203995000, NULL, NULL),
(306, 5, '2016-09-01', 3422, 78905000, NULL, NULL),
(307, 5, '2016-10-01', 2912, 65902500, NULL, NULL),
(308, 5, '2016-11-01', 3110, 43024000, NULL, NULL),
(309, 5, '2016-12-01', 7707, 73788500, NULL, NULL),
(310, 6, '2012-01-01', 1060, 6850000, NULL, NULL),
(311, 6, '2012-02-01', 579, 5205000, NULL, NULL),
(312, 6, '2012-03-01', 1157, 10365000, NULL, NULL),
(313, 6, '2012-04-01', 5175, 34726000, NULL, NULL),
(314, 6, '2012-05-01', 7394, 49211000, NULL, NULL),
(315, 6, '2012-06-01', 11815, 61733750, NULL, NULL),
(316, 6, '2012-07-01', 17520, 131096250, NULL, NULL),
(317, 6, '2012-08-01', 9996, 106533750, NULL, NULL),
(318, 6, '2012-09-01', 24998, 110347500, NULL, NULL),
(319, 6, '2012-10-01', 14973, 81506250, NULL, NULL),
(320, 6, '2012-11-01', 11429, 59803750, NULL, NULL),
(321, 6, '2012-12-01', 19679, 70755000, NULL, NULL),
(322, 6, '2013-01-01', 27365, 123022300, NULL, NULL),
(323, 6, '2013-02-01', 10839, 58432250, NULL, NULL),
(324, 6, '2013-03-01', 11060, 56498000, NULL, NULL),
(325, 6, '2013-04-01', 15914, 88223750, NULL, NULL),
(326, 6, '2013-05-01', 23005, 118834500, NULL, NULL),
(327, 6, '2013-06-01', 23832, 135504500, NULL, NULL),
(328, 6, '2013-07-01', 32422, 185442500, NULL, NULL),
(329, 6, '2013-08-01', 36720, 246384500, NULL, NULL),
(330, 6, '2013-09-01', 27775, 166650750, NULL, NULL),
(331, 6, '2013-10-01', 194775, 111640000, NULL, NULL),
(332, 6, '2013-11-01', 26377, 132611500, NULL, NULL),
(333, 6, '2013-12-01', 23305, 113319000, NULL, NULL),
(334, 6, '2014-01-01', 57311, 125310000, NULL, NULL),
(335, 6, '2014-02-01', 10430, 24767500, NULL, NULL),
(336, 6, '2014-03-01', 33446, 172935500, NULL, NULL),
(337, 6, '2014-04-01', 27330, 153366750, NULL, NULL),
(338, 6, '2014-05-01', 49299, 279397500, NULL, NULL),
(339, 6, '2014-06-01', 50014, 631524000, NULL, NULL),
(340, 6, '2014-07-01', 0, 0, NULL, NULL),
(341, 6, '2014-08-01', 89409, 1202129000, NULL, NULL),
(342, 6, '2014-09-01', 49839, 719696500, NULL, NULL),
(343, 6, '2014-10-01', 48614, 640376400, NULL, NULL),
(344, 6, '2014-11-01', 48128, 571171500, NULL, NULL),
(345, 6, '2014-12-01', 0, 0, NULL, NULL),
(354, 6, '2015-01-01', 78867, 786909000, NULL, NULL),
(355, 6, '2015-02-01', 23676, 283444500, NULL, NULL),
(356, 6, '2015-03-01', 13371, 191750500, NULL, NULL),
(357, 6, '2015-04-01', 34189, 419766000, NULL, NULL),
(358, 6, '2015-05-01', 52186, 1421468000, NULL, NULL),
(359, 6, '2015-06-01', 63056, 1913216000, NULL, NULL),
(360, 6, '2015-07-01', 15542, 868392500, NULL, NULL),
(361, 6, '2015-09-01', 50336, 1576224000, NULL, NULL),
(362, 6, '2015-10-01', 44142, 1148968000, NULL, NULL),
(363, 6, '2015-11-01', 32698, 1959833500, NULL, NULL),
(364, 6, '2015-12-01', 69526, 0, NULL, NULL),
(365, 6, '2015-08-01', 92556, 2930330000, NULL, NULL),
(366, 6, '2016-01-01', 2794, 103035000, NULL, NULL),
(367, 6, '2016-02-01', 2915, 136205000, NULL, NULL),
(368, 6, '2016-03-01', 13841, 803499000, NULL, NULL),
(369, 6, '2016-04-01', 22247, 1180964000, NULL, NULL),
(370, 6, '2016-05-01', 71321, 2448054000, NULL, NULL),
(371, 6, '2016-06-01', 29421, 1301187000, NULL, NULL),
(372, 6, '2016-07-01', 68177, 2534870500, NULL, NULL),
(373, 6, '2016-08-01', 63017, 3005042000, NULL, NULL),
(374, 6, '2016-09-01', 54687, 1997432000, NULL, NULL),
(375, 6, '2016-10-01', 18772, 689266000, NULL, NULL),
(376, 6, '2016-11-01', 34354, 1225630000, NULL, NULL),
(377, 6, '2016-12-01', 104129, 2069605509, NULL, NULL),
(378, 3, '2016-06-01', 2646, 49357500, NULL, NULL);

-- --------------------------------------------------------

--
-- Table structure for table `gambar`
--

CREATE TABLE `gambar` (
  `id` int(11) NOT NULL,
  `gambar` varchar(250) NOT NULL
) ENGINE=InnoDB DEFAULT CHARSET=latin1;

-- --------------------------------------------------------

--
-- Table structure for table `jenis_data_luas`
--

CREATE TABLE `jenis_data_luas` (
  `id` int(11) NOT NULL,
  `jenis_data` varchar(20) NOT NULL
) ENGINE=InnoDB DEFAULT CHARSET=latin1;

--
-- Dumping data for table `jenis_data_luas`
--

INSERT INTO `jenis_data_luas` (`id`, `jenis_data`) VALUES
(1, 'Lahan Kritis'),
(2, 'Kebakaran');

-- --------------------------------------------------------

--
-- Table structure for table `jenis_hutan`
--

CREATE TABLE `jenis_hutan` (
  `id` int(11) NOT NULL,
  `jenis_hutan` varchar(100) NOT NULL
) ENGINE=InnoDB DEFAULT CHARSET=latin1;

--
-- Dumping data for table `jenis_hutan`
--

INSERT INTO `jenis_hutan` (`id`, `jenis_hutan`) VALUES
(1, 'Hutan Produksi'),
(2, 'Hutan Lindung'),
(3, 'Cagar Alam'),
(4, 'Suaka Margasatwa'),
(5, 'Taman Wisata Alam'),
(6, 'Taman Nasional'),
(7, 'Taman Hutan Raya');

-- --------------------------------------------------------

--
-- Table structure for table `jenis_wisata`
--

CREATE TABLE `jenis_wisata` (
  `id` int(11) NOT NULL,
  `jenis_wisata` varchar(50) NOT NULL
) ENGINE=InnoDB DEFAULT CHARSET=latin1;

-- --------------------------------------------------------

--
-- Table structure for table `kabupaten`
--

CREATE TABLE `kabupaten` (
  `id` int(11) NOT NULL,
  `kabupaten` varchar(50) NOT NULL
) ENGINE=InnoDB DEFAULT CHARSET=latin1;

--
-- Dumping data for table `kabupaten`
--

INSERT INTO `kabupaten` (`id`, `kabupaten`) VALUES
(1, 'Bojonegoro'),
(2, 'Blora (Jateng)'),
(3, 'Tuban'),
(4, 'Lamongan'),
(5, 'Gresik'),
(6, 'Ngawi'),
(7, 'Madiun'),
(8, 'Magetan'),
(9, 'Ponorogo'),
(10, 'Pacitan'),
(11, 'Nganjuk'),
(12, 'Jombang'),
(13, 'Mojokerto'),
(14, 'Kediri'),
(15, 'Kediri (Kota)'),
(16, 'Trenggalek'),
(17, 'Tulungangung'),
(18, 'Blitar'),
(19, 'Malang'),
(20, 'Batu'),
(21, 'Pasuruan'),
(22, 'Probolinggo'),
(23, 'Bangkalan'),
(24, 'Sampang'),
(25, 'Pamekasan'),
(26, 'Sumenep'),
(27, 'Lumajang'),
(28, 'Jember'),
(29, 'Bondowoso'),
(30, 'Situbondo'),
(31, 'Banyuwangi'),
(32, 'Lawu Ds.'),
(33, 'Parengan');

-- --------------------------------------------------------

--
-- Table structure for table `lokasi_owas`
--

CREATE TABLE `lokasi_owas` (
  `id` int(10) UNSIGNED NOT NULL,
  `lokasi_owa` varchar(255) COLLATE utf8mb4_unicode_ci NOT NULL,
  `luas_wilayah` double DEFAULT NULL,
  `latitude` double DEFAULT NULL,
  `longitude` double DEFAULT NULL,
  `created_at` timestamp NULL DEFAULT NULL,
  `updated_at` timestamp NULL DEFAULT NULL
) ENGINE=InnoDB DEFAULT CHARSET=utf8mb4 COLLATE=utf8mb4_unicode_ci;

--
-- Dumping data for table `lokasi_owas`
--

INSERT INTO `lokasi_owas` (`id`, `lokasi_owa`, `luas_wilayah`, `latitude`, `longitude`, `created_at`, `updated_at`) VALUES
(1, 'UPT TAHURA R.Soerjo', 27868.3, -7.79487415, 112.61047445, NULL, NULL),
(2, 'Balai BKSDA Jatim', 29264, -7.3828486999999985, 112.7574743, NULL, NULL),
(3, 'Balai TN Baluran', 25000, -7.87597375, 114.41369244999999, NULL, NULL),
(4, 'Balai TN Alas Purwo', 44037.3, -8.235892932845848, 114.35108390971754, NULL, NULL),
(5, 'Balai TN Meru Betiri', 52626.04, -8.193685299999999, 113.7204335, NULL, NULL),
(6, 'Balai BTN Bromo Tengger Semeru', 50276.2, -7.9301513, 112.6434732, NULL, NULL);

-- --------------------------------------------------------

--
-- Table structure for table `luas_hutan`
--

CREATE TABLE `luas_hutan` (
  `id` int(11) NOT NULL,
  `jenis_hutan_id` int(10) UNSIGNED DEFAULT NULL,
  `kabupaten_id` int(10) UNSIGNED DEFAULT NULL,
  `tanggal` year(4) NOT NULL,
  `luas` double NOT NULL
) ENGINE=InnoDB DEFAULT CHARSET=latin1;

--
-- Dumping data for table `luas_hutan`
--

INSERT INTO `luas_hutan` (`id`, `jenis_hutan_id`, `kabupaten_id`, `tanggal`, `luas`) VALUES
(7, 1, 2, 2012, 8588.4),
(8, 1, 1, 2012, 90577.5),
(9, 1, 3, 2012, 50782.9),
(10, 1, 4, 2012, 33032.5),
(11, 1, 5, 2012, 1017),
(12, 1, 6, 2012, 42091.1),
(13, 1, 7, 2012, 40626.6),
(14, 1, 8, 2012, 3497.9),
(15, 1, 9, 2012, 31731.3),
(16, 1, 10, 2012, 1769.4),
(17, 1, 11, 2012, 43341.3),
(18, 1, 11, 2012, 43341.3),
(19, 1, 12, 2012, 18839.9),
(20, 1, 13, 2012, 11602.1),
(21, 1, 14, 2012, 13844.6),
(22, 1, 15, 2012, 556.1),
(23, 1, 16, 2012, 44171.7),
(24, 1, 17, 2012, 31545.47),
(25, 1, 18, 2012, 23545.93),
(26, 1, 19, 2012, 45383.6),
(27, 1, 20, 2012, 3464.3),
(28, 1, 21, 2012, 14682.2),
(29, 1, 22, 2012, 23971.4),
(30, 1, 23, 2012, 2592.8),
(31, 1, 24, 2012, 674.3),
(32, 1, 25, 2012, 592.6),
(33, 1, 26, 2012, 21280.5),
(34, 1, 27, 2012, 23341.2),
(35, 1, 28, 2012, 32020.74),
(36, 1, 29, 2012, 29171.85),
(37, 1, 30, 2012, 50289.12),
(38, 1, 31, 2012, 79647.82),
(39, 2, 2, 2012, 5.3),
(40, 2, 1, 2012, 1516.7),
(41, 2, 3, 2012, 730.8),
(42, 2, 4, 2012, 252.9),
(43, 2, 5, 2012, 0),
(44, 2, 6, 2012, 3085.9),
(45, 2, 7, 2012, 5317.8),
(46, 2, 8, 2012, 3982),
(47, 2, 9, 2012, 16993.1),
(48, 2, 10, 2012, 241.8),
(49, 2, 11, 2012, 7708.6),
(50, 2, 12, 2012, 874.4),
(51, 2, 13, 2012, 4402.7),
(52, 2, 14, 2012, 8217),
(53, 2, 15, 2012, 107.4),
(54, 2, 16, 2012, 17988.4),
(55, 2, 17, 2012, 8642.8),
(56, 2, 18, 2012, 11863.1),
(57, 2, 19, 2012, 41254.1),
(58, 2, 20, 2012, 2965.6),
(59, 2, 21, 2012, 7225.3),
(60, 2, 22, 2012, 22650.8),
(61, 2, 23, 2012, 673.9),
(62, 2, 24, 2012, 58.4),
(63, 2, 25, 2012, 274.4),
(64, 2, 26, 2012, 20974.3),
(65, 2, 27, 2012, 11493),
(66, 2, 28, 2012, 39504.4),
(67, 2, 29, 2012, 30674.6),
(68, 2, 30, 2012, 9527.9),
(69, 2, 31, 2012, 36570.4),
(70, 1, 2, 2013, 8588.4),
(71, 1, 1, 2013, 90580.5),
(72, 1, 3, 2013, 50782.9),
(73, 1, 4, 2013, 33032.5),
(74, 1, 5, 2013, 1017),
(75, 1, 6, 2013, 42091.1),
(76, 1, 7, 2013, 40408.45),
(77, 1, 8, 2013, 3497.9),
(78, 1, 9, 2013, 31731.3),
(79, 1, 10, 2013, 1769.4),
(80, 1, 11, 2013, 43341.3),
(81, 1, 12, 2013, 18839.9),
(82, 1, 13, 2013, 11602.1),
(83, 1, 14, 2013, 13844.6),
(84, 1, 15, 2013, 556.1),
(85, 1, 16, 2013, 44171.7),
(86, 1, 17, 2013, 31545.47),
(87, 1, 18, 2013, 23545.93),
(88, 1, 19, 2013, 45383.6),
(89, 1, 20, 2013, 3464.3),
(90, 1, 21, 2013, 14681.9),
(91, 1, 22, 2013, 23971.4),
(92, 1, 23, 2013, 2592.8),
(93, 1, 24, 2013, 674.3),
(94, 1, 25, 2013, 592.6),
(95, 1, 26, 2013, 21280.5),
(96, 1, 27, 2013, 23341.2),
(97, 1, 28, 2013, 32020.74),
(98, 1, 29, 2013, 29171.85),
(99, 1, 30, 2013, 44291.59),
(100, 1, 31, 2013, 79647.88),
(101, 2, 2, 2013, 5.3),
(102, 2, 1, 2013, 1516.7),
(103, 2, 3, 2013, 730.8),
(104, 2, 4, 2013, 252.9),
(105, 2, 5, 2013, 0),
(106, 2, 6, 2013, 3085.9),
(107, 2, 7, 2013, 5317.8),
(108, 2, 8, 2013, 3982),
(109, 2, 9, 2013, 16993.1),
(110, 2, 10, 2013, 241.8),
(111, 2, 11, 2013, 7708.6),
(112, 2, 12, 2013, 874.4),
(113, 2, 13, 2013, 4402.7),
(114, 2, 14, 2013, 8217),
(115, 2, 15, 2013, 107.4),
(116, 2, 16, 2013, 17988.4),
(117, 2, 17, 2013, 8642.8),
(118, 2, 18, 2013, 11863.1),
(119, 2, 19, 2013, 41254.1),
(120, 2, 20, 2013, 2965.6),
(121, 2, 21, 2013, 7225.3),
(122, 2, 22, 2013, 22650.8),
(123, 2, 23, 2013, 673.9),
(124, 2, 25, 2013, 58.4),
(125, 2, 26, 2013, 20974.3),
(126, 2, 27, 2013, 11493),
(127, 2, 28, 2013, 39504.4),
(128, 2, 29, 2013, 30674.6),
(129, 2, 30, 2013, 15525.43),
(130, 2, 31, 2013, 36570.4),
(131, 1, 2, 2014, 8588.4),
(132, 1, 1, 2014, 90580.5),
(133, 1, 3, 2014, 50782.9),
(134, 1, 4, 2014, 33032.5),
(135, 1, 5, 2014, 1017),
(136, 1, 6, 2014, 42091.1),
(137, 1, 7, 2014, 40408.45),
(138, 1, 8, 2014, 3497.9),
(139, 1, 9, 2014, 31731.3),
(140, 1, 10, 2014, 1769.4),
(141, 1, 11, 2014, 43341.3),
(142, 1, 12, 2014, 18839.9),
(143, 1, 13, 2014, 11602.1),
(144, 1, 14, 2014, 13844.6),
(145, 1, 15, 2014, 556.1),
(146, 1, 16, 2014, 44171.7),
(147, 1, 17, 2014, 31545.47),
(148, 1, 18, 2014, 23545.93),
(149, 1, 19, 2014, 45383.6),
(150, 1, 20, 2014, 3464.3),
(151, 1, 21, 2014, 14681.9),
(152, 1, 22, 2014, 23971.4),
(153, 1, 23, 2014, 2592.8),
(154, 1, 24, 2014, 674.3),
(155, 1, 25, 2014, 592.6),
(156, 1, 26, 2014, 21280.5),
(157, 1, 27, 2014, 23341.2),
(158, 1, 28, 2014, 32020.74),
(159, 1, 29, 2014, 29171.85),
(160, 1, 30, 2014, 44291.59),
(161, 1, 31, 2014, 79647.88),
(162, 2, 2, 2014, 5.3),
(163, 2, 1, 2014, 1516.7),
(164, 2, 3, 2014, 730.8),
(165, 2, 4, 2014, 252.9),
(166, 2, 5, 2014, 0),
(167, 2, 6, 2014, 3085.9),
(168, 2, 7, 2014, 5317.8),
(169, 2, 8, 2014, 3982),
(170, 2, 9, 2014, 16993.1),
(171, 2, 10, 2014, 241.8),
(172, 2, 11, 2014, 7708.6),
(173, 2, 12, 2014, 874.4),
(174, 2, 13, 2014, 4402.7),
(175, 2, 14, 2014, 8217),
(176, 2, 15, 2014, 107.4),
(177, 2, 16, 2014, 17988.4),
(178, 2, 17, 2014, 8642.8),
(179, 2, 18, 2014, 11863.1),
(180, 2, 19, 2014, 41254.1),
(181, 2, 20, 2014, 2965.6),
(182, 2, 21, 2014, 7225.3),
(183, 2, 22, 2014, 22650.8),
(184, 2, 23, 2014, 673.9),
(185, 2, 24, 2014, 58.4),
(186, 2, 25, 2014, 274.4),
(187, 2, 26, 2014, 20974.3),
(188, 2, 27, 2014, 11493),
(189, 2, 28, 2014, 39504.4),
(190, 2, 29, 2014, 30674.6),
(191, 2, 30, 2014, 15525.43),
(192, 2, 31, 2014, 36570.4),
(193, 1, 2, 2015, 8588.4),
(194, 1, 1, 2015, 90580.5),
(195, 1, 3, 2015, 50782.9),
(196, 1, 4, 2015, 33038.9),
(197, 1, 5, 2015, 1017),
(198, 1, 6, 2015, 42091.1),
(199, 1, 7, 2015, 40626.6),
(200, 1, 8, 2015, 3497.9),
(201, 1, 9, 2015, 31513),
(202, 1, 10, 2015, 1769.4),
(203, 1, 11, 2015, 43341.3),
(204, 1, 12, 2015, 18839.9),
(205, 1, 13, 2015, 11595.7),
(206, 1, 14, 2015, 13844.6),
(207, 1, 15, 2015, 556.1),
(208, 1, 16, 2015, 44171.7),
(209, 1, 17, 2015, 31553.87),
(210, 1, 18, 2015, 23545.93),
(211, 1, 19, 2015, 45383.6),
(212, 1, 20, 2015, 3464.3),
(213, 1, 21, 2015, 14682.1),
(214, 1, 22, 2015, 23970.2),
(215, 1, 23, 2015, 2592.8),
(216, 1, 24, 2015, 674.3),
(217, 1, 25, 2015, 592.6),
(218, 1, 26, 2015, 21280.5),
(219, 1, 27, 2015, 23341.2),
(220, 1, 28, 2015, 32020.74),
(221, 1, 29, 2015, 29183.61),
(222, 1, 30, 2015, 44291.59),
(223, 1, 31, 2015, 79932.22),
(224, 2, 2, 2015, 5.3),
(225, 2, 1, 2015, 1516.7),
(226, 2, 3, 2015, 730.8),
(227, 2, 4, 2015, 252.9),
(228, 2, 5, 2015, 0),
(229, 2, 6, 2015, 3085.9),
(230, 2, 7, 2015, 5317.8),
(231, 2, 8, 2015, 3982),
(232, 2, 9, 2015, 16993.1),
(233, 2, 10, 2015, 241.8),
(234, 2, 11, 2015, 7708.6),
(235, 2, 12, 2015, 874.4),
(236, 2, 13, 2015, 4402.7),
(237, 2, 14, 2015, 8217),
(238, 2, 15, 2015, 107.4),
(239, 2, 16, 2015, 17988.4),
(240, 2, 17, 2015, 8642.8),
(241, 2, 18, 2015, 11863.1),
(242, 2, 19, 2015, 41254.1),
(243, 2, 20, 2015, 2965.6),
(244, 2, 21, 2015, 7225.3),
(245, 2, 22, 2015, 22650.8),
(246, 2, 23, 2015, 673.9),
(247, 2, 24, 2015, 58.4),
(248, 2, 25, 2015, 274.4),
(249, 2, 26, 2015, 20974.3),
(250, 2, 27, 2015, 11493),
(251, 2, 28, 2015, 39504.4),
(252, 2, 29, 2015, 30674.6),
(253, 2, 30, 2015, 15525.43),
(254, 2, 31, 2015, 34727.2),
(255, 1, 2, 2016, 8588.4),
(256, 1, 1, 2016, 90580.5),
(257, 1, 3, 2016, 50782.9),
(258, 1, 4, 2016, 33038.9),
(259, 1, 5, 2016, 1017),
(260, 1, 6, 2016, 42091.1),
(261, 1, 7, 2016, 40588.4),
(262, 1, 8, 2016, 3497.9),
(263, 1, 9, 2016, 31513),
(264, 1, 10, 2016, 1769.4),
(265, 1, 11, 2016, 43343.05),
(266, 1, 12, 2016, 18839.9),
(267, 1, 13, 2016, 11595.9),
(268, 1, 14, 2016, 13844.6),
(269, 1, 15, 2016, 556.1),
(270, 1, 16, 2016, 44171.7),
(271, 1, 17, 2016, 31553.87),
(272, 1, 18, 2016, 23545.93),
(273, 1, 19, 2016, 45383.6),
(274, 1, 20, 2016, 3464.3),
(275, 1, 21, 2016, 14682),
(276, 1, 22, 2016, 23970.2),
(277, 1, 23, 2016, 2592.8),
(278, 1, 24, 2016, 674.3),
(279, 1, 25, 2016, 592.6),
(280, 1, 26, 2016, 21280.5),
(281, 1, 27, 2016, 32020.74),
(282, 1, 29, 2016, 29183.61),
(283, 1, 30, 2016, 44291.59),
(284, 1, 31, 2016, 79932.25),
(285, 2, 2, 2016, 5.3),
(286, 2, 1, 2016, 1516.7),
(287, 2, 3, 2016, 730.8),
(288, 2, 4, 2016, 252.9),
(289, 2, 5, 2016, 0),
(290, 2, 6, 2016, 3085.9),
(291, 2, 7, 2016, 5317.8),
(292, 2, 8, 2016, 3982),
(293, 2, 9, 2016, 16993.1),
(294, 2, 10, 2016, 241.8),
(295, 2, 11, 2016, 7708.6),
(296, 2, 12, 2016, 874.4),
(297, 2, 13, 2016, 4402.7),
(298, 2, 14, 2016, 8217),
(299, 2, 15, 2016, 107.4),
(300, 2, 16, 2016, 17988.4),
(301, 2, 17, 2016, 8642.8),
(302, 2, 18, 2016, 11863.1),
(303, 2, 19, 2016, 41254.1),
(304, 2, 20, 2016, 2965.6),
(305, 2, 21, 2016, 7225.3),
(306, 2, 22, 2016, 22650.8),
(307, 2, 23, 2016, 673.9),
(308, 2, 24, 2016, 58.4),
(309, 2, 25, 2016, 274.4),
(310, 2, 26, 2016, 20974.3),
(311, 2, 27, 2016, 11493),
(312, 2, 28, 2016, 39504.4),
(313, 2, 29, 2016, 30674.6),
(314, 2, 30, 2016, 15525.43),
(315, 2, 31, 2016, 34727.2),
(316, 3, 3, 2012, 3),
(317, 3, 5, 2012, 740),
(318, 3, 9, 2012, 218.4),
(319, 3, 14, 2012, 19.5),
(320, 3, 19, 2012, 877),
(321, 3, 21, 2012, 50.4),
(322, 3, 26, 2012, 430),
(323, 3, 29, 2012, 2497.8),
(324, 3, 31, 2012, 3.5),
(325, 3, 3, 2013, 3),
(326, 3, 5, 2013, 740),
(327, 3, 9, 2013, 218.4),
(328, 3, 14, 2013, 19.5),
(329, 3, 19, 2013, 877),
(330, 3, 21, 2013, 50.4),
(331, 3, 26, 2013, 430),
(332, 3, 28, 2012, 6118.8),
(333, 3, 28, 2013, 6118.8),
(334, 3, 29, 2012, 2497.8),
(335, 3, 31, 2013, 3.5),
(336, 3, 3, 2014, 3),
(337, 3, 5, 2014, 740),
(338, 3, 9, 2014, 218.4),
(339, 3, 14, 2014, 19.5),
(340, 3, 19, 2014, 877),
(341, 3, 21, 2014, 50.4),
(342, 3, 26, 2014, 430),
(343, 3, 28, 2014, 6118.8),
(344, 3, 29, 2014, 2497.8),
(345, 3, 31, 2014, 3.5),
(346, 3, 3, 2015, 3),
(347, 3, 5, 2015, 740),
(348, 3, 9, 2015, 218.4),
(349, 3, 14, 2015, 19.5),
(350, 3, 19, 2015, 877),
(351, 3, 21, 2015, 50.4),
(352, 3, 26, 2015, 430),
(353, 3, 26, 2015, 6118.8),
(354, 3, 29, 2015, 2497.8),
(355, 3, 31, 2015, 3.5),
(356, 3, 3, 2016, 3),
(357, 3, 5, 2016, 740),
(358, 3, 9, 2016, 218.4),
(359, 3, 14, 2016, 19.5),
(360, 3, 19, 2016, 877),
(361, 3, 21, 2016, 50.4),
(362, 3, 26, 2016, 430),
(363, 3, 28, 2016, 6118.8),
(364, 3, 29, 2016, 2497.8),
(365, 3, 31, 2016, 3.5),
(366, 4, 5, 2012, 3861.6),
(367, 4, 5, 2013, 3861.6),
(368, 4, 5, 2014, 3861.6),
(369, 4, 5, 2015, 3861.6),
(370, 4, 5, 2016, 3861.6),
(371, 4, 22, 2012, 7422),
(372, 4, 22, 2013, 7422),
(373, 4, 22, 2014, 7422),
(374, 4, 22, 2015, 7422),
(375, 4, 22, 2016, 7422),
(376, 4, 28, 2012, 4375),
(377, 4, 28, 2013, 4375),
(378, 4, 28, 2014, 4375),
(379, 4, 28, 2015, 4375),
(380, 4, 28, 2016, 4375),
(381, 4, 29, 2012, 1275),
(382, 4, 29, 2013, 1275),
(383, 4, 29, 2014, 1275),
(384, 4, 29, 2015, 1275),
(385, 4, 29, 2016, 1275),
(386, 4, 30, 2012, 1075),
(387, 4, 30, 2013, 1075),
(388, 4, 30, 2014, 1075),
(389, 4, 30, 2015, 1075),
(390, 4, 30, 2016, 1075),
(391, 5, 21, 2011, 205.5),
(392, 5, 21, 2012, 205.5),
(394, 5, 21, 2013, 205.5),
(395, 5, 21, 2014, 205.5),
(396, 5, 21, 2015, 205.5),
(397, 5, 31, 2012, 92),
(399, 5, 31, 2011, 92),
(400, 5, 31, 2013, 92),
(401, 5, 31, 2014, 92),
(402, 5, 31, 2015, 92),
(403, 6, 19, 2012, 18692.96),
(404, 6, 19, 2013, 18692.96),
(405, 6, 19, 2014, 18692.96),
(406, 6, 19, 2015, 18692.96),
(407, 6, 19, 2016, 18692.96),
(408, 6, 21, 2012, 4642.52),
(409, 6, 21, 2013, 4642.52),
(410, 6, 21, 2014, 4642.52),
(412, 6, 21, 2015, 4642.52),
(413, 6, 21, 2016, 4642.52),
(414, 6, 22, 2012, 3600.37),
(415, 6, 22, 2013, 3600.37),
(416, 6, 22, 2014, 3600.37),
(417, 6, 22, 2015, 3600.37),
(418, 6, 22, 2016, 3600.37),
(419, 6, 27, 2012, 23340.35),
(420, 6, 27, 2013, 23340.35),
(421, 6, 27, 2014, 23340.35),
(422, 6, 27, 2015, 23340.35),
(423, 6, 27, 2016, 23340.35),
(424, 6, 28, 2012, 37585),
(425, 6, 28, 2013, 37585),
(426, 6, 28, 2014, 37585),
(427, 6, 28, 2015, 37585),
(428, 6, 28, 2016, 35433.5),
(429, 6, 30, 2012, 25000),
(430, 6, 30, 2013, 25000),
(431, 6, 30, 2014, 25000),
(432, 6, 30, 2015, 25000),
(433, 6, 30, 2016, 25000),
(434, 6, 31, 2012, 63835),
(435, 6, 31, 2013, 63835),
(436, 6, 31, 2014, 64452.3),
(437, 6, 31, 2015, 64452.3),
(439, 6, 31, 2016, 61229.84),
(440, 7, 12, 2012, 2427.7),
(441, 7, 12, 2013, 2427.7),
(442, 7, 12, 2014, 2427.7),
(443, 7, 12, 2015, 2427.7),
(444, 7, 12, 2016, 2427.7),
(445, 7, 13, 2012, 10181.1),
(446, 7, 13, 2013, 10181.1),
(447, 7, 13, 2014, 10181.1),
(448, 7, 13, 2015, 10181.1),
(449, 7, 13, 2016, 10181.1),
(450, 7, 14, 2012, 437),
(451, 7, 14, 2013, 437),
(452, 7, 14, 2014, 437),
(453, 7, 14, 2015, 437),
(454, 7, 14, 2016, 437),
(455, 7, 19, 2012, 4287),
(456, 7, 19, 2013, 4287),
(457, 7, 19, 2014, 4287),
(458, 7, 19, 2015, 4287),
(459, 7, 19, 2016, 4287),
(460, 7, 20, 2012, 4641.2),
(461, 7, 20, 2013, 4641.2),
(462, 7, 20, 2014, 4641.2),
(463, 7, 20, 2015, 4641.2),
(464, 7, 20, 2016, 4641.2),
(465, 7, 21, 2012, 5894.3),
(466, 7, 21, 2013, 5894.3),
(467, 7, 21, 2014, 5894.3),
(468, 7, 21, 2015, 5894.3),
(469, 7, 21, 2016, 5894.3);

-- --------------------------------------------------------

--
-- Table structure for table `migrations`
--

CREATE TABLE `migrations` (
  `id` int(10) UNSIGNED NOT NULL,
  `migration` varchar(255) COLLATE utf8mb4_unicode_ci NOT NULL,
  `batch` int(11) NOT NULL
) ENGINE=InnoDB DEFAULT CHARSET=utf8mb4 COLLATE=utf8mb4_unicode_ci;

--
-- Dumping data for table `migrations`
--

INSERT INTO `migrations` (`id`, `migration`, `batch`) VALUES
(1, '2018_03_06_031752_create_lokasi_owas_table', 1),
(2, '2018_03_27_170943_foreign_lokasi', 2),
(3, '2018_06_25_200343_nambah_lokasi_ke_dataluas', 3),
(4, '2018_07_03_150550_nambah_kabupaten_di_potensi_wisata', 4);

-- --------------------------------------------------------

--
-- Table structure for table `owa_baru`
--

CREATE TABLE `owa_baru` (
  `id` int(11) NOT NULL,
  `nama_lokasi` varchar(100) NOT NULL,
  `latitue` double NOT NULL,
  `logitude` double NOT NULL
) ENGINE=InnoDB DEFAULT CHARSET=latin1;

-- --------------------------------------------------------

--
-- Table structure for table `potensi_wisata`
--

CREATE TABLE `potensi_wisata` (
  `id` int(11) NOT NULL,
  `wisata` varchar(50) NOT NULL,
  `kabupaten_id` int(11) DEFAULT NULL,
  `latitude` double DEFAULT NULL,
  `longitude` double DEFAULT NULL,
  `keterangan` text
) ENGINE=InnoDB DEFAULT CHARSET=latin1;

--
-- Dumping data for table `potensi_wisata`
--

INSERT INTO `potensi_wisata` (`id`, `wisata`, `kabupaten_id`, `latitude`, `longitude`, `keterangan`) VALUES
(1, 'Culabaya', 1, -7.276794099999999, 112.79307589999999, 'Masih baru, ada air terjun, dan selurutan'),
(3, 'Koridor', 1, -7.2575393, 112.7376457, 'Masih baru, dingin, banget, wenaak'),
(4, 'Punyakuku', 1, -7.4256559, 112.7549355, 'Ada air terjun, ada tanah,');

-- --------------------------------------------------------

--
-- Table structure for table `users`
--

CREATE TABLE `users` (
  `id` int(10) UNSIGNED NOT NULL,
  `name` varchar(255) COLLATE utf8mb4_unicode_ci NOT NULL,
  `email` varchar(255) COLLATE utf8mb4_unicode_ci NOT NULL,
  `password` varchar(255) COLLATE utf8mb4_unicode_ci NOT NULL,
  `remember_token` varchar(100) COLLATE utf8mb4_unicode_ci DEFAULT NULL,
  `created_at` timestamp NULL DEFAULT NULL,
  `updated_at` timestamp NULL DEFAULT NULL
) ENGINE=InnoDB DEFAULT CHARSET=utf8mb4 COLLATE=utf8mb4_unicode_ci;

--
-- Dumping data for table `users`
--

INSERT INTO `users` (`id`, `name`, `email`, `password`, `remember_token`, `created_at`, `updated_at`) VALUES
(1, 'aida', 'aida@admin.com', '$2y$10$ZLyGoCMA7MVWtHrX/dI9Tuc6yyfi1gACOv7n/r3zbRIi4inzxsZ7S', '6C6lwWi3IdkCgacUjbeAk3Ocb1yBL33M5tLKjGYvhkzyG2kP89NoqqWux6sf', '2018-02-21 22:01:54', '2018-02-21 22:01:54'),
(2, 'admin', 'admin@admin.com', '$2y$10$viTXDbjnWXRzfv9YTL1aPuwtpVPqlfl87aEjM/xxU4OLS049sI0ma', NULL, '2018-07-17 03:17:25', '2018-07-17 03:17:25');

-- --------------------------------------------------------

--
-- Table structure for table `wana_wisata`
--

CREATE TABLE `wana_wisata` (
  `id` int(11) NOT NULL,
  `wisata` varchar(30) NOT NULL,
  `kabupaten_id` int(10) UNSIGNED DEFAULT NULL,
  `latitude` double DEFAULT NULL,
  `longitude` double DEFAULT NULL
) ENGINE=InnoDB DEFAULT CHARSET=latin1;

--
-- Dumping data for table `wana_wisata`
--

INSERT INTO `wana_wisata` (`id`, `wisata`, `kabupaten_id`, `latitude`, `longitude`) VALUES
(1, 'Padusan/Pacet', 21, -7.683688, 112.5359018),
(2, 'Kakekbodo', 21, -7.7000708, 112.6244838),
(3, 'Penanggungan', 21, -7.6150267, 112.602651),
(4, 'Rambutmoyo', 21, -7.866519, 112.86057),
(5, 'Dlundung', 21, -7.6818774, 112.5938116),
(6, 'Goa Gembayang', 21, NULL, NULL),
(7, 'Coban Rondo', 19, -7.884994, 112.477319),
(8, 'Coban Pelangi', 19, -8.0115009, 112.8653487),
(9, 'Coban Talun', 19, -7.8050557, 112.5170583),
(10, 'Coban Glotak', 19, -7.9822335, 112.5212699),
(11, 'Sendang Biru', 19, -8.4318369, 112.686473),
(12, 'Modangan', 19, -8.3491343, 112.3603444),
(13, 'Kraton G. Kawi', 19, -8.0027708, 112.4860023),
(14, 'Jonggring Saloko', 19, -8.3795624, 112.3961021),
(15, 'Kondang Merak', 19, -8.3965752, 112.516884),
(16, 'Gunung Kombang ', 19, -8.3879108, 112.4254457),
(17, 'Bajul mati ', 19, -8.4309191, 112.6354279),
(18, 'Lap. Golf Kr. Kates', 18, NULL, NULL),
(19, 'Karang Kates ', 18, -8.1602398, 112.4468805),
(20, 'Kandung ', 18, -8.1694969, 112.0759203),
(21, 'Serang ', 18, -8.3305962, 112.2201545),
(22, 'Popoh', 18, -8.2624963, 111.8036043),
(23, 'Goa Umbul Tuk', 18, -8.298164, 112.102875),
(24, 'Mojosemo', 32, -7.664824, 111.217025),
(25, 'Ngadimulyo ', 32, NULL, NULL),
(26, 'Gunung Lawu', 32, -7.6275, 111.194167),
(27, 'Ngadiloyo', 32, -7.835195, 111.010274),
(28, 'Prataan', 33, -7.03589, 111.855812),
(29, 'Dander', 1, NULL, NULL),
(30, 'Sumber Boto ', 12, -8.239541, 112.148983),
(31, 'Karangsono', 14, NULL, NULL),
(32, 'Tapan', 14, NULL, NULL),
(33, 'Madakaripura ', 22, -7.855216, 113.007532),
(34, 'Jarit ', 22, NULL, NULL),
(35, 'Adi Samudra ', 22, NULL, NULL),
(36, 'Bambang', 22, NULL, NULL),
(37, 'Tasnan', 29, -7.980478, 113.80413),
(38, 'Wisman Pasir Putih ', 29, NULL, NULL),
(39, 'Pasir Putih ', 29, NULL, NULL),
(40, 'Watu Ulo ', 28, -8.421998, 113.569874),
(41, 'Tancak', 28, -7.853436, 113.141178),
(42, 'Watu Dodol ', 31, -8.087757, 114.416186),
(43, 'Rowobayu ', 31, -8.182123, 114.173403),
(44, 'Grajagan', 31, -8.5801, 114.233106),
(45, 'Grafe Brumbun', 7, NULL, NULL),
(46, 'Kucur Sumoroto', 7, -7.958068, 112.512589);

--
-- Indexes for dumped tables
--

--
-- Indexes for table `data_luas`
--
ALTER TABLE `data_luas`
  ADD PRIMARY KEY (`id`),
  ADD KEY `data_luas_lokasiowa_id_foreign` (`lokasiowa_id`);

--
-- Indexes for table `data_owa`
--
ALTER TABLE `data_owa`
  ADD PRIMARY KEY (`id`),
  ADD KEY `data_owa_lokasiowa_id_foreign` (`lokasiowa_id`);

--
-- Indexes for table `gambar`
--
ALTER TABLE `gambar`
  ADD PRIMARY KEY (`id`);

--
-- Indexes for table `jenis_data_luas`
--
ALTER TABLE `jenis_data_luas`
  ADD PRIMARY KEY (`id`);

--
-- Indexes for table `jenis_hutan`
--
ALTER TABLE `jenis_hutan`
  ADD PRIMARY KEY (`id`);

--
-- Indexes for table `jenis_wisata`
--
ALTER TABLE `jenis_wisata`
  ADD PRIMARY KEY (`id`);

--
-- Indexes for table `kabupaten`
--
ALTER TABLE `kabupaten`
  ADD PRIMARY KEY (`id`);

--
-- Indexes for table `lokasi_owas`
--
ALTER TABLE `lokasi_owas`
  ADD PRIMARY KEY (`id`);

--
-- Indexes for table `luas_hutan`
--
ALTER TABLE `luas_hutan`
  ADD PRIMARY KEY (`id`);

--
-- Indexes for table `migrations`
--
ALTER TABLE `migrations`
  ADD PRIMARY KEY (`id`);

--
-- Indexes for table `owa_baru`
--
ALTER TABLE `owa_baru`
  ADD PRIMARY KEY (`id`);

--
-- Indexes for table `potensi_wisata`
--
ALTER TABLE `potensi_wisata`
  ADD PRIMARY KEY (`id`),
  ADD KEY `potensi_wisata_kabupaten_id_foreign` (`kabupaten_id`);

--
-- Indexes for table `users`
--
ALTER TABLE `users`
  ADD PRIMARY KEY (`id`);

--
-- Indexes for table `wana_wisata`
--
ALTER TABLE `wana_wisata`
  ADD PRIMARY KEY (`id`);

--
-- AUTO_INCREMENT for dumped tables
--

--
-- AUTO_INCREMENT for table `data_luas`
--
ALTER TABLE `data_luas`
  MODIFY `id` int(11) NOT NULL AUTO_INCREMENT, AUTO_INCREMENT=58;
--
-- AUTO_INCREMENT for table `data_owa`
--
ALTER TABLE `data_owa`
  MODIFY `id` int(11) NOT NULL AUTO_INCREMENT, AUTO_INCREMENT=379;
--
-- AUTO_INCREMENT for table `gambar`
--
ALTER TABLE `gambar`
  MODIFY `id` int(11) NOT NULL AUTO_INCREMENT;
--
-- AUTO_INCREMENT for table `jenis_data_luas`
--
ALTER TABLE `jenis_data_luas`
  MODIFY `id` int(11) NOT NULL AUTO_INCREMENT, AUTO_INCREMENT=3;
--
-- AUTO_INCREMENT for table `jenis_hutan`
--
ALTER TABLE `jenis_hutan`
  MODIFY `id` int(11) NOT NULL AUTO_INCREMENT, AUTO_INCREMENT=8;
--
-- AUTO_INCREMENT for table `jenis_wisata`
--
ALTER TABLE `jenis_wisata`
  MODIFY `id` int(11) NOT NULL AUTO_INCREMENT;
--
-- AUTO_INCREMENT for table `kabupaten`
--
ALTER TABLE `kabupaten`
  MODIFY `id` int(11) NOT NULL AUTO_INCREMENT, AUTO_INCREMENT=34;
--
-- AUTO_INCREMENT for table `lokasi_owas`
--
ALTER TABLE `lokasi_owas`
  MODIFY `id` int(10) UNSIGNED NOT NULL AUTO_INCREMENT, AUTO_INCREMENT=7;
--
-- AUTO_INCREMENT for table `luas_hutan`
--
ALTER TABLE `luas_hutan`
  MODIFY `id` int(11) NOT NULL AUTO_INCREMENT, AUTO_INCREMENT=470;
--
-- AUTO_INCREMENT for table `migrations`
--
ALTER TABLE `migrations`
  MODIFY `id` int(10) UNSIGNED NOT NULL AUTO_INCREMENT, AUTO_INCREMENT=5;
--
-- AUTO_INCREMENT for table `owa_baru`
--
ALTER TABLE `owa_baru`
  MODIFY `id` int(11) NOT NULL AUTO_INCREMENT;
--
-- AUTO_INCREMENT for table `potensi_wisata`
--
ALTER TABLE `potensi_wisata`
  MODIFY `id` int(11) NOT NULL AUTO_INCREMENT, AUTO_INCREMENT=5;
--
-- AUTO_INCREMENT for table `users`
--
ALTER TABLE `users`
  MODIFY `id` int(10) UNSIGNED NOT NULL AUTO_INCREMENT, AUTO_INCREMENT=3;
--
-- AUTO_INCREMENT for table `wana_wisata`
--
ALTER TABLE `wana_wisata`
  MODIFY `id` int(11) NOT NULL AUTO_INCREMENT, AUTO_INCREMENT=47;
--
-- Constraints for dumped tables
--

--
-- Constraints for table `data_luas`
--
ALTER TABLE `data_luas`
  ADD CONSTRAINT `data_luas_lokasiowa_id_foreign` FOREIGN KEY (`lokasiowa_id`) REFERENCES `lokasi_owas` (`id`);

--
-- Constraints for table `data_owa`
--
ALTER TABLE `data_owa`
  ADD CONSTRAINT `data_owa_lokasiowa_id_foreign` FOREIGN KEY (`lokasiowa_id`) REFERENCES `lokasi_owas` (`id`);

--
-- Constraints for table `potensi_wisata`
--
ALTER TABLE `potensi_wisata`
  ADD CONSTRAINT `potensi_wisata_kabupaten_id_foreign` FOREIGN KEY (`kabupaten_id`) REFERENCES `kabupaten` (`id`);

/*!40101 SET CHARACTER_SET_CLIENT=@OLD_CHARACTER_SET_CLIENT */;
/*!40101 SET CHARACTER_SET_RESULTS=@OLD_CHARACTER_SET_RESULTS */;
/*!40101 SET COLLATION_CONNECTION=@OLD_COLLATION_CONNECTION */;
